candidate_id,patches_per_side,patch_size,num_patches,tokens,hidden,heads,depth,mlp_ratio,mlp_hidden,parameters,parameters_M,fp32_weight_MB,int8_weight_MB,FLOPs,MFLOPs,peak_activation_KB,peak_activation_MB,attention_peak_KB,mlp_peak_KB,memory_feasible,memory_utilization_%,memory_margin_KB,capacity_density
C001,4,8,16,17,64,2,2,1,64,64714,0.064714,0.24686431884765625,0.06171607971191406,2360852,2.360852,25.765625,0.0251617431640625,25.765625,12.75,True,10.064697265625,230.234375,54.21771462167048
C002,4,8,16,17,64,2,2,2,128,81226,0.081226,0.30985260009765625,0.07746315002441406,3004948,3.004948,25.765625,0.0251617431640625,25.765625,17.0,True,10.064697265625,230.234375,85.19282197229369
C003,4,8,16,17,64,2,3,1,64,89930,0.08993,0.34305572509765625,0.08576393127441406,3338590,3.33859,25.765625,0.0251617431640625,25.765625,12.75,True,10.064697265625,230.234375,57.50930782156539
C004,4,8,16,17,64,2,3,2,128,114698,0.114698,0.43753814697265625,0.10938453674316406,4304734,4.304734,25.765625,0.0251617431640625,25.765625,17.0,True,10.064697265625,230.234375,89.20411807094237
C005,4,8,16,17,64,2,4,1,64,115146,0.115146,0.43924713134765625,0.10981178283691406,4316328,4.316328,25.765625,0.0251617431640625,25.765625,12.75,True,10.064697265625,230.234375,59.309672480867995
C006,4,8,16,17,64,2,4,2,128,148170,0.14817,0.5652236938476562,0.14130592346191406,5604520,5.60452,25.765625,0.0251617431640625,25.765625,17.0,True,10.064697265625,230.234375,91.35483502601471
C007,4,8,16,17,64,2,5,1,64,140362,0.140362,0.5354385375976562,0.13385963439941406,5294066,5.294066,25.765625,0.0251617431640625,25.765625,12.75,True,10.064697265625,230.234375,60.44503411933285
C008,4,8,16,17,64,2,5,2,128,181642,0.181642,0.6929092407226562,0.17322731018066406,6904306,6.904306,25.765625,0.0251617431640625,25.765625,17.0,True,10.064697265625,230.234375,92.69577565073159
C009,4,8,16,17,64,4,2,1,64,64714,0.064714,0.24686431884765625,0.06171607971191406,2366632,2.366632,30.28125,0.029571533203125,30.28125,12.75,True,11.82861328125,225.71875,54.08529927762322
C010,4,8,16,17,64,4,2,2,128,81226,0.081226,0.30985260009765625,0.07746315002441406,3010728,3.010728,30.28125,0.029571533203125,30.28125,17.0,True,11.82861328125,225.71875,85.02926866857452
C011,4,8,16,17,64,4,3,1,64,89930,0.08993,0.34305572509765625,0.08576393127441406,3347260,3.34726,30.28125,0.029571533203125,30.28125,12.75,True,11.82861328125,225.71875,57.360348464116925
C012,4,8,16,17,64,4,3,2,128,114698,0.114698,0.43753814697265625,0.10938453674316406,4313404,4.313404,30.28125,0.029571533203125,30.28125,17.0,True,11.82861328125,225.71875,89.02481659496769
C013,4,8,16,17,64,4,4,1,64,115146,0.115146,0.43924713134765625,0.10981178283691406,4327888,4.327888,30.28125,0.029571533203125,30.28125,12.75,True,11.82861328125,225.71875,59.15125345203018
C014,4,8,16,17,64,4,4,2,128,148170,0.14817,0.5652236938476562,0.14130592346191406,5616080,5.61608,30.28125,0.029571533203125,30.28125,17.0,True,11.82861328125,225.71875,91.16679249583339
C015,4,8,16,17,64,4,5,1,64,140362,0.140362,0.5354385375976562,0.13385963439941406,5308516,5.308516,30.28125,0.029571533203125,30.28125,12.75,True,11.82861328125,225.71875,60.280500237731225
C016,4,8,16,17,64,4,5,2,128,181642,0.181642,0.6929092407226562,0.17322731018066406,6918756,6.918756,30.28125,0.029571533203125,30.28125,17.0,True,11.82861328125,225.71875,92.50217813722583
C017,4,8,16,17,64,8,2,1,64,64714,0.064714,0.24686431884765625,0.06171607971191406,2378192,2.378192,39.3125,0.03839111328125,39.3125,12.75,True,15.3564453125,216.6875,53.82239953712737
C018,4,8,16,17,64,8,2,2,128,81226,0.081226,0.30985260009765625,0.07746315002441406,3022288,3.022288,39.3125,0.03839111328125,39.3125,17.0,True,15.3564453125,216.6875,84.70403879444977
C019,4,8,16,17,64,8,3,1,64,89930,0.08993,0.34305572509765625,0.08576393127441406,3364600,3.3646,39.3125,0.03839111328125,39.3125,12.75,True,15.3564453125,216.6875,57.06473280627712
C020,4,8,16,17,64,8,3,2,128,114698,0.114698,0.43753814697265625,0.10938453674316406,4330744,4.330744,39.3125,0.03839111328125,39.3125,17.0,True,15.3564453125,216.6875,88.66836737521312
C021,4,8,16,17,64,8,4,1,64,115146,0.115146,0.43924713134765625,0.10981178283691406,4351008,4.351008,39.3125,0.03839111328125,39.3125,12.75,True,15.3564453125,216.6875,58.836940773264494
C022,4,8,16,17,64,8,4,2,128,148170,0.14817,0.5652236938476562,0.14130592346191406,5639200,5.6392,39.3125,0.03839111328125,39.3125,17.0,True,15.3564453125,216.6875,90.79302028656548
C023,4,8,16,17,64,8,5,1,64,140362,0.140362,0.5354385375976562,0.13385963439941406,5337416,5.337416,39.3125,0.03839111328125,39.3125,12.75,True,15.3564453125,216.6875,59.95410513252105
C024,4,8,16,17,64,8,5,2,128,181642,0.181642,0.6929092407226562,0.17322731018066406,6947656,6.947656,39.3125,0.03839111328125,39.3125,17.0,True,15.3564453125,216.6875,92.11739901917998
C025,4,8,16,17,96,2,2,1,96,133930,0.13393,0.5109024047851562,0.12772560119628906,4791764,4.791764,36.390625,0.0355377197265625,36.390625,19.125,True,14.215087890625,219.609375,40.06875129910405
C026,4,8,16,17,96,2,2,2,192,170986,0.170986,0.6522598266601562,0.16306495666503906,6175700,6.1757,36.390625,0.0355377197265625,36.390625,25.5,True,14.215087890625,219.609375,62.17918616513108
C027,4,8,16,17,96,2,3,1,96,190186,0.190186,0.7255020141601562,0.18137550354003906,6883614,6.883614,36.390625,0.0355377197265625,36.390625,19.125,True,14.215087890625,219.609375,41.838487747860356
C028,4,8,16,17,96,2,3,2,192,245770,0.24577,0.9375381469726562,0.23438453674316406,8959518,8.959518,36.390625,0.0355377197265625,36.390625,25.5,True,14.215087890625,219.609375,64.2891726987992
C029,4,8,16,17,96,2,4,1,96,246442,0.246442,0.9401016235351562,0.23502540588378906,8975464,8.975464,36.390625,0.0355377197265625,36.390625,19.125,True,14.215087890625,219.609375,42.78330345929748
C030,4,8,16,17,96,2,4,2,192,320554,0.320554,1.2228164672851562,0.30570411682128906,11743336,11.743336,36.390625,0.0355377197265625,36.390625,25.5,True,14.215087890625,219.609375,65.398792983527
C031,4,8,16,17,96,2,5,1,96,302698,0.302698,1.1547012329101562,0.28867530822753906,11067314,11.067314,36.390625,0.0355377197265625,36.390625,19.125,True,14.215087890625,219.609375,43.370957036187825
C032,4,8,16,17,96,2,5,2,192,395338,0.395338,1.5080947875976562,0.37702369689941406,14527154,14.527154,36.390625,0.0355377197265625,36.390625,25.5,True,14.215087890625,219.609375,66.08314333282348
C033,4,8,16,17,96,4,2,1,96,133930,0.13393,0.5109024047851562,0.12772560119628906,4797544,4.797544,40.90625,0.039947509765625,40.90625,19.125,True,15.97900390625,215.09375,40.02047714413875
C034,4,8,16,17,96,4,2,2,192,170986,0.170986,0.6522598266601562,0.16306495666503906,6181480,6.18148,40.90625,0.039947509765625,40.90625,25.5,True,15.97900390625,215.09375,62.12104544542731
C035,4,8,16,17,96,4,3,1,96,190186,0.190186,0.7255020141601562,0.18137550354003906,6892284,6.892284,40.90625,0.039947509765625,40.90625,19.125,True,15.97900390625,215.09375,41.785857924600904
C036,4,8,16,17,96,4,3,2,192,245770,0.24577,0.9375381469726562,0.23438453674316406,8968188,8.968188,40.90625,0.039947509765625,40.90625,25.5,True,15.97900390625,215.09375,64.227021110619
C037,4,8,16,17,96,4,4,1,96,246442,0.246442,0.9401016235351562,0.23502540588378906,8987024,8.987024,40.90625,0.039947509765625,40.90625,19.125,True,15.97900390625,215.09375,42.72827133876576
C038,4,8,16,17,96,4,4,2,192,320554,0.320554,1.2228164672851562,0.30570411682128906,11754896,11.754896,40.90625,0.039947509765625,40.90625,25.5,True,15.97900390625,215.09375,65.33447850155373
C039,4,8,16,17,96,4,5,1,96,302698,0.302698,1.1547012329101562,0.28867530822753906,11081764,11.081764,40.90625,0.039947509765625,40.90625,19.125,True,15.97900390625,215.09375,43.31440373572294
C040,4,8,16,17,96,4,5,2,192,395338,0.395338,1.5080947875976562,0.37702369689941406,14541604,14.541604,40.90625,0.039947509765625,40.90625,25.5,True,15.97900390625,215.09375,66.01747647646023
C041,4,8,16,17,96,8,2,1,96,133930,0.13393,0.5109024047851562,0.12772560119628906,4809104,4.809104,49.9375,0.04876708984375,49.9375,19.125,True,19.5068359375,206.0625,39.924276954709235
C042,4,8,16,17,96,8,2,2,192,170986,0.170986,0.6522598266601562,0.16306495666503906,6193040,6.19304,49.9375,0.04876708984375,49.9375,25.5,True,19.5068359375,206.0625,62.005089584436725
C043,4,8,16,17,96,8,3,1,96,190186,0.190186,0.7255020141601562,0.18137550354003906,6909624,6.909624,49.9375,0.04876708984375,49.9375,19.125,True,19.5068359375,206.0625,41.680994508528975
C044,4,8,16,17,96,8,3,2,192,245770,0.24577,0.9375381469726562,0.23438453674316406,8985528,8.985528,49.9375,0.04876708984375,49.9375,25.5,True,19.5068359375,206.0625,64.10307774902043
C045,4,8,16,17,96,8,4,1,96,246442,0.246442,0.9401016235351562,0.23502540588378906,9010144,9.010144,49.9375,0.04876708984375,49.9375,19.125,True,19.5068359375,206.0625,42.61863073442555
C046,4,8,16,17,96,8,4,2,192,320554,0.320554,1.2228164672851562,0.30570411682128906,11778016,11.778016,49.9375,0.04876708984375,49.9375,25.5,True,19.5068359375,206.0625,65.20622828157137
C047,4,8,16,17,96,8,5,1,96,302698,0.302698,1.1547012329101562,0.28867530822753906,11110664,11.110664,49.9375,0.04876708984375,49.9375,19.125,True,19.5068359375,206.0625,43.201738437954745
C048,4,8,16,17,96,8,5,2,192,395338,0.395338,1.5080947875976562,0.37702369689941406,14570504,14.570504,49.9375,0.04876708984375,49.9375,25.5,True,19.5068359375,206.0625,65.8865335063221
C049,4,8,16,17,96,12,2,1,96,133930,0.13393,0.5109024047851562,0.12772560119628906,4820664,4.820664,58.96875,0.057586669921875,58.96875,19.125,True,23.03466796875,197.03125,39.82853814329312
C050,4,8,16,17,96,12,2,2,192,170986,0.170986,0.6522598266601562,0.16306495666503906,6204600,6.2046,58.96875,0.057586669921875,58.96875,25.5,True,23.03466796875,197.03125,61.88956580601489
C051,4,8,16,17,96,12,3,1,96,190186,0.190186,0.7255020141601562,0.18137550354003906,6926964,6.926964,58.96875,0.057586669921875,58.96875,19.125,True,23.03466796875,197.03125,41.57665609349204
C052,4,8,16,17,96,12,3,2,192,245770,0.24577,0.9375381469726562,0.23438453674316406,9002868,9.002868,58.96875,0.057586669921875,58.96875,25.5,True,23.03466796875,197.03125,63.979611830363396
C053,4,8,16,17,96,12,4,1,96,246442,0.246442,0.9401016235351562,0.23502540588378906,9033264,9.033264,58.96875,0.057586669921875,58.96875,19.125,True,23.03466796875,197.03125,42.50955136482228
C054,4,8,16,17,96,12,4,2,192,320554,0.320554,1.2228164672851562,0.30570411682128906,11801136,11.801136,58.96875,0.057586669921875,58.96875,25.5,True,23.03466796875,197.03125,65.07848058017466
C055,4,8,16,17,96,12,5,1,96,302698,0.302698,1.1547012329101562,0.28867530822753906,11139564,11.139564,58.96875,0.057586669921875,58.96875,19.125,True,23.03466796875,197.03125,43.089657728076254
C056,4,8,16,17,96,12,5,2,192,395338,0.395338,1.5080947875976562,0.37702369689941406,14599404,14.599404,58.96875,0.057586669921875,58.96875,25.5,True,23.03466796875,197.03125,65.75610894800911
C057,4,8,16,17,128,2,2,1,128,227722,0.227722,0.8686904907226562,0.21717262268066406,8058260,8.05826,47.015625,0.0459136962890625,47.015625,25.5,True,18.365478515625,208.984375,31.768644843924122
C058,4,8,16,17,128,2,2,2,256,293514,0.293514,1.1196670532226562,0.27991676330566406,10460564,10.460564,47.015625,0.0459136962890625,47.015625,34.0,True,18.365478515625,208.984375,48.945735621903374
C059,4,8,16,17,128,2,3,1,128,327306,0.327306,1.2485733032226562,0.31214332580566406,11682014,11.682014,47.015625,0.0459136962890625,47.015625,25.5,True,18.365478515625,208.984375,32.87104432506244
C060,4,8,16,17,128,2,3,2,256,425994,0.425994,1.6250381469726562,0.40625953674316406,15285470,15.28547,47.015625,0.0459136962890625,47.015625,34.0,True,18.365478515625,208.984375,50.24379361576713
C061,4,8,16,17,128,2,4,1,128,426890,0.42689,1.6284561157226562,0.40711402893066406,15305768,15.305768,47.015625,0.0459136962890625,47.015625,25.5,True,18.365478515625,208.984375,33.45144131284363
C062,4,8,16,17,128,2,4,2,256,558474,0.558474,2.1304092407226562,0.5326023101806641,20110376,20.110376,47.015625,0.0459136962890625,47.015625,34.0,True,18.365478515625,208.984375,50.918988287439284
C063,4,8,16,17,128,2,5,1,128,526474,0.526474,2.0083389282226562,0.5020847320556641,18929522,18.929522,47.015625,0.0459136962890625,47.015625,25.5,True,18.365478515625,208.984375,33.80962287373131
C064,4,8,16,17,128,2,5,2,256,690954,0.690954,2.6357803344726562,0.6589450836181641,24935282,24.935282,47.015625,0.0459136962890625,47.015625,34.0,True,18.365478515625,208.984375,51.33288646986226
C065,4,8,16,17,128,4,2,1,128,227722,0.227722,0.8686904907226562,0.21717262268066406,8064040,8.06404,51.53125,0.050323486328125,51.53125,25.5,True,20.12939453125,204.46875,31.74587427641728
C066,4,8,16,17,128,4,2,2,256,293514,0.293514,1.1196670532226562,0.27991676330566406,10466344,10.466344,51.53125,0.050323486328125,51.53125,34.0,True,20.12939453125,204.46875,48.918705519329386
C067,4,8,16,17,128,4,3,1,128,327306,0.327306,1.2485733032226562,0.31214332580566406,11690684,11.690684,51.53125,0.050323486328125,51.53125,25.5,True,20.12939453125,204.46875,32.846666627889356
C068,4,8,16,17,128,4,3,2,256,425994,0.425994,1.6250381469726562,0.40625953674316406,15294140,15.29414,51.53125,0.050323486328125,51.53125,34.0,True,20.12939453125,204.46875,50.2153112237759
C069,4,8,16,17,128,4,4,1,128,426890,0.42689,1.6284561157226562,0.40711402893066406,15317328,15.317328,51.53125,0.050323486328125,51.53125,25.5,True,20.12939453125,204.46875,33.42619548265859
C070,4,8,16,17,128,4,4,2,256,558474,0.558474,2.1304092407226562,0.5326023101806641,20121936,20.121936,51.53125,0.050323486328125,51.53125,34.0,True,20.12939453125,204.46875,50.88973546084233
C071,4,8,16,17,128,4,5,1,128,526474,0.526474,2.0083389282226562,0.5020847320556641,18943972,18.943972,51.53125,0.050323486328125,51.53125,25.5,True,20.12939453125,204.46875,33.78383371765963
C072,4,8,16,17,128,4,5,2,256,690954,0.690954,2.6357803344726562,0.6589450836181641,24949732,24.949732,51.53125,0.050323486328125,51.53125,34.0,True,20.12939453125,204.46875,51.303156282400145
C073,4,8,16,17,128,8,2,1,128,227722,0.227722,0.8686904907226562,0.21717262268066406,8075600,8.0756,60.5625,0.05914306640625,60.5625,25.5,True,23.6572265625,195.4375,31.700430927732924
C074,4,8,16,17,128,8,2,2,256,293514,0.293514,1.1196670532226562,0.27991676330566406,10477904,10.477904,60.5625,0.05914306640625,60.5625,34.0,True,23.6572265625,195.4375,48.86473477901687
C075,4,8,16,17,128,8,3,1,128,327306,0.327306,1.2485733032226562,0.31214332580566406,11708024,11.708024,60.5625,0.05914306640625,60.5625,25.5,True,23.6572265625,195.4375,32.798019546253066
C076,4,8,16,17,128,8,3,2,256,425994,0.425994,1.6250381469726562,0.40625953674316406,15311480,15.31148,60.5625,0.05914306640625,60.5625,34.0,True,23.6572265625,195.4375,50.15844320731895
C077,4,8,16,17,128,8,4,1,128,426890,0.42689,1.6284561157226562,0.40711402893066406,15340448,15.340448,60.5625,0.05914306640625,60.5625,25.5,True,23.6572265625,195.4375,33.3758179682888
C078,4,8,16,17,128,8,4,2,256,558474,0.558474,2.1304092407226562,0.5326023101806641,20145056,20.145056,60.5625,0.05914306640625,60.5625,34.0,True,23.6572265625,195.4375,50.831330525961306
C079,4,8,16,17,128,8,5,1,128,526474,0.526474,2.0083389282226562,0.5020847320556641,18972872,18.972872,60.5625,0.05914306640625,60.5625,25.5,True,23.6572265625,195.4375,33.732373253769914
C080,4,8,16,17,128,8,5,2,256,690954,0.690954,2.6357803344726562,0.6589450836181641,24978632,24.978632,60.5625,0.05914306640625,60.5625,34.0,True,23.6572265625,195.4375,51.24379909996672
C081,4,8,16,17,192,2,2,1,192,489034,0.489034,1.8655166625976562,0.46637916564941406,17098004,17.098004,68.265625,0.0666656494140625,68.265625,38.25,True,26.666259765625,187.734375,22.458761853137947
C082,4,8,16,17,192,2,2,2,384,636874,0.636874,2.4294815063476562,0.6073703765869141,22372628,22.372628,68.265625,0.0666656494140625,68.265625,51.0,True,26.666259765625,187.734375,34.327661462032985
C083,4,8,16,17,192,2,3,1,192,712138,0.712138,2.7165908813476562,0.6791477203369141,25038942,25.038942,68.265625,0.0666656494140625,68.265625,38.25,True,26.666259765625,187.734375,23.00416686935095
C084,4,8,16,17,192,2,3,2,384,933898,0.933898,3.5625381469726562,0.8906345367431641,32950878,32.950878,68.265625,0.0666656494140625,68.265625,51.0,True,26.666259765625,187.734375,34.96113214342877
C085,4,8,16,17,192,2,4,1,192,935242,0.935242,3.5676651000976562,0.8919162750244141,32979880,32.97988,68.265625,0.0666656494140625,68.265625,38.25,True,26.666259765625,187.734375,23.286925240479952
C086,4,8,16,17,192,2,4,2,384,1230922,1.230922,4.695594787597656,1.173898696899414,43529128,43.529128,68.265625,0.0666656494140625,68.265625,51.0,True,26.666259765625,187.734375,35.28671651773038
C087,4,8,16,17,192,2,5,1,192,1158346,1.158346,4.418739318847656,1.104684829711914,40920818,40.920818,68.265625,0.0666656494140625,68.265625,38.25,True,26.666259765625,187.734375,23.459941587677942
C088,4,8,16,17,192,2,5,2,384,1527946,1.527946,5.828651428222656,1.457162857055664,54107378,54.107378,68.265625,0.0666656494140625,68.265625,51.0,True,26.666259765625,187.734375,35.484994301516515
C089,4,8,16,17,192,4,2,1,192,489034,0.489034,1.8655166625976562,0.46637916564941406,17103784,17.103784,72.78125,0.071075439453125,72.78125,38.25,True,28.43017578125,183.21875,22.451172208442294
C090,4,8,16,17,192,4,2,2,384,636874,0.636874,2.4294815063476562,0.6073703765869141,22378408,22.378408,72.78125,0.071075439453125,72.78125,51.0,True,28.43017578125,183.21875,34.31879515289917
C091,4,8,16,17,192,4,3,1,192,712138,0.712138,2.7165908813476562,0.6791477203369141,25047612,25.047612,72.78125,0.071075439453125,72.78125,38.25,True,28.43017578125,183.21875,22.996204189046043
C092,4,8,16,17,192,4,3,2,384,933898,0.933898,3.5625381469726562,0.8906345367431641,32959548,32.959548,72.78125,0.071075439453125,72.78125,51.0,True,28.43017578125,183.21875,34.95193562727256
C093,4,8,16,17,192,4,4,1,192,935242,0.935242,3.5676651000976562,0.8919162750244141,32991440,32.99144,72.78125,0.071075439453125,72.78125,38.25,True,28.43017578125,183.21875,23.27876564345176
C094,4,8,16,17,192,4,4,2,384,1230922,1.230922,4.695594787597656,1.173898696899414,43540688,43.540688,72.78125,0.071075439453125,72.78125,51.0,True,28.43017578125,183.21875,35.27734793717545
C095,4,8,16,17,192,4,5,1,192,1158346,1.158346,4.418739318847656,1.104684829711914,40935268,40.935268,72.78125,0.071075439453125,72.78125,38.25,True,28.43017578125,183.21875,23.45166031403532
C096,4,8,16,17,192,4,5,2,384,1527946,1.527946,5.828651428222656,1.457162857055664,54121828,54.121828,72.78125,0.071075439453125,72.78125,51.0,True,28.43017578125,183.21875,35.47552015427121
C097,4,8,16,17,192,8,2,1,192,489034,0.489034,1.8655166625976562,0.46637916564941406,17115344,17.115344,81.8125,0.07989501953125,81.8125,38.25,True,31.9580078125,174.1875,22.436008297583736
C098,4,8,16,17,192,8,2,2,384,636874,0.636874,2.4294815063476562,0.6073703765869141,22389968,22.389968,81.8125,0.07989501953125,81.8125,51.0,True,31.9580078125,174.1875,34.301076267728476
C099,4,8,16,17,192,8,3,1,192,712138,0.712138,2.7165908813476562,0.6791477203369141,25064952,25.064952,81.8125,0.07989501953125,81.8125,38.25,True,31.9580078125,174.1875,22.98029535424604
C100,4,8,16,17,192,8,3,2,384,933898,0.933898,3.5625381469726562,0.8906345367431641,32976888,32.976888,81.8125,0.07989501953125,81.8125,51.0,True,31.9580078125,174.1875,34.9335571021741
C101,4,8,16,17,192,8,4,1,192,935242,0.935242,3.5676651000976562,0.8919162750244141,33014560,33.01456,81.8125,0.07989501953125,81.8125,38.25,True,31.9580078125,174.1875,23.2624635918213
C102,4,8,16,17,192,8,4,2,384,1230922,1.230922,4.695594787597656,1.173898696899414,43563808,43.563808,81.8125,0.07989501953125,81.8125,51.0,True,31.9580078125,174.1875,35.25862569222598
C103,4,8,16,17,192,8,5,1,192,1158346,1.158346,4.418739318847656,1.104684829711914,40964168,40.964168,81.8125,0.07989501953125,81.8125,38.25,True,31.9580078125,174.1875,23.435115293932004
C104,4,8,16,17,192,8,5,2,384,1527946,1.527946,5.828651428222656,1.457162857055664,54150728,54.150728,81.8125,0.07989501953125,81.8125,51.0,True,31.9580078125,174.1875,35.45658702870994
C105,4,8,16,17,192,12,2,1,192,489034,0.489034,1.8655166625976562,0.46637916564941406,17126904,17.126904,90.84375,0.088714599609375,90.84375,38.25,True,35.48583984375,165.15625,22.42086485683577
C106,4,8,16,17,192,12,2,2,384,636874,0.636874,2.4294815063476562,0.6073703765869141,22401528,22.401528,90.84375,0.088714599609375,90.84375,51.0,True,35.48583984375,165.15625,34.2833756697311
C107,4,8,16,17,192,12,3,1,192,712138,0.712138,2.7165908813476562,0.6791477203369141,25082292,25.082292,90.84375,0.088714599609375,90.84375,38.25,True,35.48583984375,165.15625,22.96440851577679
C108,4,8,16,17,192,12,3,2,384,933898,0.933898,3.5625381469726562,0.8906345367431641,32994228,32.994228,90.84375,0.088714599609375,90.84375,51.0,True,35.48583984375,165.15625,34.91519789461357
C109,4,8,16,17,192,12,4,1,192,935242,0.935242,3.5676651000976562,0.8919162750244141,33037680,33.03768,90.84375,0.088714599609375,90.84375,38.25,True,35.48583984375,165.15625,23.24618435677081
C110,4,8,16,17,192,12,4,2,384,1230922,1.230922,4.695594787597656,1.173898696899414,43586928,43.586928,90.84375,0.088714599609375,90.84375,51.0,True,35.48583984375,165.15625,35.2399233091169
C111,4,8,16,17,192,12,5,1,192,1158346,1.158346,4.418739318847656,1.104684829711914,40993068,40.993068,90.84375,0.088714599609375,90.84375,38.25,True,35.48583984375,165.15625,23.418593602215868
C112,4,8,16,17,192,12,5,2,384,1527946,1.527946,5.828651428222656,1.457162857055664,54179628,54.179628,90.84375,0.088714599609375,90.84375,51.0,True,35.48583984375,165.15625,35.43767410141687
C113,4,8,16,17,256,2,2,1,256,848650,0.84865,3.2373428344726562,0.8093357086181641,29480084,29.480084,89.515625,0.0874176025390625,89.515625,51.0,True,34.967041015625,166.484375,17.367657432726446
C114,4,8,16,17,256,2,2,2,512,1111306,1.111306,4.239295959472656,1.059823989868164,38741140,38.74114,89.515625,0.0874176025390625,89.515625,68.0,True,34.967041015625,166.484375,26.43184996621163
C115,4,8,16,17,256,2,3,1,256,1244426,1.244426,4.747108459472656,1.186777114868164,43409374,43.409374,89.515625,0.0874176025390625,89.515625,51.0,True,34.967041015625,166.484375,17.69203121887913
C116,4,8,16,17,256,2,3,2,512,1638410,1.63841,6.250038146972656,1.562509536743164,57300958,57.300958,89.515625,0.0874176025390625,89.515625,68.0,True,34.967041015625,166.484375,26.805834555157002
C117,4,8,16,17,256,2,4,1,256,1640202,1.640202,6.256874084472656,1.564218521118164,57338664,57.338664,89.515625,0.0874176025390625,89.515625,51.0,True,34.967041015625,166.484375,17.85880466276647
C118,4,8,16,17,256,2,4,2,512,2165514,2.165514,8.260780334472656,2.065195083618164,75860776,75.860776,89.515625,0.0874176025390625,89.515625,68.0,True,34.967041015625,166.484375,26.99682376041078
C119,4,8,16,17,256,2,5,1,256,2035978,2.035978,7.766639709472656,1.941659927368164,71267954,71.267954,89.515625,0.0874176025390625,89.515625,51.0,True,34.967041015625,166.484375,17.96038651537548
C120,4,8,16,17,256,2,5,2,512,2692618,2.692618,10.271522521972656,2.567880630493164,94420594,94.420594,89.515625,0.0874176025390625,89.515625,68.0,True,34.967041015625,166.484375,27.112729242097334
C121,4,8,16,17,256,4,2,1,256,848650,0.84865,3.2373428344726562,0.8093357086181641,29485864,29.485864,94.03125,0.091827392578125,94.03125,51.0,True,36.73095703125,161.96875,17.36425291794061
C122,4,8,16,17,256,4,2,2,512,1111306,1.111306,4.239295959472656,1.059823989868164,38746920,38.74692,94.03125,0.091827392578125,94.03125,68.0,True,36.73095703125,161.96875,26.427907043966332
C123,4,8,16,17,256,4,3,1,256,1244426,1.244426,4.747108459472656,1.186777114868164,43418044,43.418044,94.03125,0.091827392578125,94.03125,51.0,True,36.73095703125,161.96875,17.688498357963798
C124,4,8,16,17,256,4,3,2,512,1638410,1.63841,6.250038146972656,1.562509536743164,57309628,57.309628,94.03125,0.091827392578125,94.03125,68.0,True,36.73095703125,161.96875,26.801779275203113
C125,4,8,16,17,256,4,4,1,256,1640202,1.640202,6.256874084472656,1.564218521118164,57350224,57.350224,94.03125,0.091827392578125,94.03125,51.0,True,36.73095703125,161.96875,17.85520488987105
C126,4,8,16,17,256,4,4,2,512,2165514,2.165514,8.260780334472656,2.065195083618164,75872336,75.872336,94.03125,0.091827392578125,94.03125,68.0,True,36.73095703125,161.96875,26.9927104920033
C127,4,8,16,17,256,4,5,1,256,2035978,2.035978,7.766639709472656,1.941659927368164,71282404,71.282404,94.03125,0.091827392578125,94.03125,51.0,True,36.73095703125,161.96875,17.956745678779296
C128,4,8,16,17,256,4,5,2,512,2692618,2.692618,10.271522521972656,2.567880630493164,94435044,94.435044,94.03125,0.091827392578125,94.03125,68.0,True,36.73095703125,161.96875,27.10858058159003
C129,4,8,16,17,256,8,2,1,256,848650,0.84865,3.2373428344726562,0.8093357086181641,29497424,29.497424,103.0625,0.10064697265625,103.0625,51.0,True,40.2587890625,152.9375,17.357447891042963
C130,4,8,16,17,256,8,2,2,512,1111306,1.111306,4.239295959472656,1.059823989868164,38758480,38.75848,103.0625,0.10064697265625,103.0625,68.0,True,40.2587890625,152.9375,26.420024727491896
C131,4,8,16,17,256,8,3,1,256,1244426,1.244426,4.747108459472656,1.186777114868164,43435384,43.435384,103.0625,0.10064697265625,103.0625,51.0,True,40.2587890625,152.9375,17.681436867232485
C132,4,8,16,17,256,8,3,2,512,1638410,1.63841,6.250038146972656,1.562509536743164,57326968,57.326968,103.0625,0.10064697265625,103.0625,68.0,True,40.2587890625,152.9375,26.793672395163128
C133,4,8,16,17,256,8,4,1,256,1640202,1.640202,6.256874084472656,1.564218521118164,57373344,57.373344,103.0625,0.10064697265625,103.0625,51.0,True,40.2587890625,152.9375,17.848009695931268
C134,4,8,16,17,256,8,4,2,512,2165514,2.165514,8.260780334472656,2.065195083618164,75895456,75.895456,103.0625,0.10064697265625,103.0625,68.0,True,40.2587890625,152.9375,26.984487714257888
C135,4,8,16,17,256,8,5,1,256,2035978,2.035978,7.766639709472656,1.941659927368164,71311304,71.311304,103.0625,0.10064697265625,103.0625,51.0,True,40.2587890625,152.9375,17.94946843210159
C136,4,8,16,17,256,8,5,2,512,2692618,2.692618,10.271522521972656,2.567880630493164,94463944,94.463944,103.0625,0.10064697265625,103.0625,68.0,True,40.2587890625,152.9375,27.10028706825961
C137,4,8,16,17,384,2,2,1,384,1862794,1.862794,7.105995178222656,1.776498794555664,64271252,64.271252,132.015625,0.1289215087890625,132.015625,76.5,True,51.568603515625,123.984375,11.949354899761405
C138,4,8,16,17,384,2,2,2,768,2453386,2.453386,9.358924865722656,2.339731216430664,84847508,84.847508,132.015625,0.1289215087890625,132.015625,102.0,True,51.568603515625,123.984375,18.103065560864792
C139,4,8,16,17,384,2,3,1,384,2751370,2.75137,10.495643615722656,2.623910903930664,95190750,95.19075,132.015625,0.1289215087890625,132.015625,76.5,True,51.568603515625,123.984375,12.102016214810789
C140,4,8,16,17,384,2,3,2,768,3637258,3.637258,13.875038146972656,3.468759536743164,126055134,126.055134,132.015625,0.1289215087890625,132.015625,102.0,True,51.568603515625,123.984375,18.27771647920346
C141,4,8,16,17,384,2,4,1,384,3639946,3.639946,13.885292053222656,3.471323013305664,126110248,126.110248,132.015625,0.1289215087890625,132.015625,76.5,True,51.568603515625,123.984375,12.179819042144775
C142,4,8,16,17,384,2,4,2,768,4821130,4.82113,18.391151428222656,4.597787857055664,167262760,167.26276,132.015625,0.1289215087890625,132.015625,102.0,True,51.568603515625,123.984375,18.366311783926083
C143,4,8,16,17,384,2,5,1,384,4528522,4.528522,17.274940490722656,4.318735122680664,157029746,157.029746,132.015625,0.1289215087890625,132.015625,76.5,True,51.568603515625,123.984375,12.226982778154657
C144,4,8,16,17,384,2,5,2,768,6005002,6.005002,22.907264709472656,5.726816177368164,208470386,208.470386,132.015625,0.1289215087890625,132.015625,102.0,True,51.568603515625,123.984375,18.419882428768563
C145,4,8,16,17,384,4,2,1,384,1862794,1.862794,7.105995178222656,1.776498794555664,64277032,64.277032,136.53125,0.133331298828125,136.53125,76.5,True,53.33251953125,119.46875,11.94828037486236
C146,4,8,16,17,384,4,2,2,768,2453386,2.453386,9.358924865722656,2.339731216430664,84853288,84.853288,136.53125,0.133331298828125,136.53125,102.0,True,53.33251953125,119.46875,18.10183242398338
C147,4,8,16,17,384,4,3,1,384,2751370,2.75137,10.495643615722656,2.623910903930664,95199420,95.19942,136.53125,0.133331298828125,136.53125,76.5,True,53.33251953125,119.46875,12.100914060190702
C148,4,8,16,17,384,4,3,2,768,3637258,3.637258,13.875038146972656,3.468759536743164,126063804,126.063804,136.53125,0.133331298828125,136.53125,102.0,True,53.33251953125,119.46875,18.27645943477955
C149,4,8,16,17,384,4,4,1,384,3639946,3.639946,13.885292053222656,3.471323013305664,126121808,126.121808,136.53125,0.133331298828125,136.53125,76.5,True,53.33251953125,119.46875,12.178702671309628
C150,4,8,16,17,384,4,4,2,768,4821130,4.82113,18.391151428222656,4.597787857055664,167274320,167.27432,136.53125,0.133331298828125,136.53125,102.0,True,53.33251953125,119.46875,18.365042524160316
C151,4,8,16,17,384,4,5,1,384,4528522,4.528522,17.274940490722656,4.318735122680664,157044196,157.044196,136.53125,0.133331298828125,136.53125,76.5,True,53.33251953125,119.46875,12.225857745166207
C152,4,8,16,17,384,4,5,2,768,6005002,6.005002,22.907264709472656,5.726816177368164,208484836,208.484836,136.53125,0.133331298828125,136.53125,102.0,True,53.33251953125,119.46875,18.418605754137438
C153,4,8,16,17,384,8,2,1,384,1862794,1.862794,7.105995178222656,1.776498794555664,64288592,64.288592,145.5625,0.14215087890625,145.5625,76.5,True,56.8603515625,110.4375,11.946131904708693
C154,4,8,16,17,384,8,2,2,768,2453386,2.453386,9.358924865722656,2.339731216430664,84864848,84.864848,145.5625,0.14215087890625,145.5625,102.0,True,56.8603515625,110.4375,18.099366654141654
C155,4,8,16,17,384,8,3,1,384,2751370,2.75137,10.495643615722656,2.623910903930664,95216760,95.21676,145.5625,0.14215087890625,145.5625,76.5,True,56.8603515625,110.4375,12.098710353093301
C156,4,8,16,17,384,8,3,2,768,3637258,3.637258,13.875038146972656,3.468759536743164,126081144,126.081144,145.5625,0.14215087890625,145.5625,102.0,True,56.8603515625,110.4375,18.2739458645775
C157,4,8,16,17,384,8,4,1,384,3639946,3.639946,13.885292053222656,3.471323013305664,126144928,126.144928,145.5625,0.14215087890625,145.5625,76.5,True,56.8603515625,110.4375,12.17647054346886
C158,4,8,16,17,384,8,4,2,768,4821130,4.82113,18.391151428222656,4.597787857055664,167297440,167.29744,145.5625,0.14215087890625,145.5625,102.0,True,56.8603515625,110.4375,18.362504530852355
C159,4,8,16,17,384,8,5,1,384,4528522,4.528522,17.274940490722656,4.318735122680664,157073096,157.073096,145.5625,0.14215087890625,145.5625,76.5,True,56.8603515625,110.4375,12.223608300176371
C160,4,8,16,17,384,8,5,2,768,6005002,6.005002,22.907264709472656,5.726816177368164,208513736,208.513736,145.5625,0.14215087890625,145.5625,102.0,True,56.8603515625,110.4375,18.416052935716426
C161,4,8,16,17,384,12,2,1,384,1862794,1.862794,7.105995178222656,1.776498794555664,64300152,64.300152,154.59375,0.150970458984375,154.59375,76.5,True,60.38818359375,101.40625,11.943984207066883
C162,4,8,16,17,384,12,2,2,768,2453386,2.453386,9.358924865722656,2.339731216430664,84876408,84.876408,154.59375,0.150970458984375,154.59375,102.0,True,60.38818359375,101.40625,18.096901555965943
C163,4,8,16,17,384,12,3,1,384,2751370,2.75137,10.495643615722656,2.623910903930664,95234100,95.2341,154.59375,0.150970458984375,154.59375,76.5,True,60.38818359375,101.40625,12.096507448487465
C164,4,8,16,17,384,12,3,2,768,3637258,3.637258,13.875038146972656,3.468759536743164,126098484,126.098484,154.59375,0.150970458984375,154.59375,102.0,True,60.38818359375,101.40625,18.271432985665395
C165,4,8,16,17,384,12,4,1,384,3639946,3.639946,13.885292053222656,3.471323013305664,126168048,126.168048,154.59375,0.150970458984375,154.59375,76.5,True,60.38818359375,101.40625,12.17423923369251
C166,4,8,16,17,384,12,4,2,768,4821130,4.82113,18.391151428222656,4.597787857055664,167320560,167.32056,154.59375,0.150970458984375,154.59375,102.0,True,60.38818359375,101.40625,18.359967238933457
C167,4,8,16,17,384,12,5,1,384,4528522,4.528522,17.274940490722656,4.318735122680664,157101996,157.101996,154.59375,0.150970458984375,154.59375,76.5,True,60.38818359375,101.40625,12.221359682788497
C168,4,8,16,17,384,12,5,2,768,6005002,6.005002,22.907264709472656,5.726816177368164,208542636,208.542636,154.59375,0.150970458984375,154.59375,102.0,True,60.38818359375,101.40625,18.413500824838525
C169,8,4,64,65,64,2,2,1,64,58570,0.05857,0.22342681884765625,0.05585670471191406,9572756,9.572756,147.265625,0.1438140869140625,147.265625,48.75,True,57.525634765625,108.734375,13.371279911448699
C170,8,4,64,65,64,2,2,2,128,75082,0.075082,0.28641510009765625,0.07160377502441406,12035476,12.035476,147.265625,0.1438140869140625,147.265625,65.0,True,57.525634765625,108.734375,21.27045079064592
C171,8,4,64,65,64,2,3,1,64,83786,0.083786,0.31961822509765625,0.07990455627441406,14141086,14.141086,147.265625,0.1438140869140625,147.265625,48.75,True,57.525634765625,108.734375,13.577457912355529
C172,8,4,64,65,64,2,3,2,128,108554,0.108554,0.41410064697265625,0.10352516174316406,17835166,17.835166,147.265625,0.1438140869140625,147.265625,65.0,True,57.525634765625,108.734375,21.53049766960397
C173,8,4,64,65,64,2,4,1,64,109002,0.109002,0.41580963134765625,0.10395240783691406,18709416,18.709416,147.265625,0.1438140869140625,147.265625,48.75,True,57.525634765625,108.734375,13.682949804526233
C174,8,4,64,65,64,2,4,2,128,142026,0.142026,0.5417861938476562,0.13544654846191406,23634856,23.634856,147.265625,0.1438140869140625,147.265625,65.0,True,57.525634765625,108.734375,21.662920222572968
C175,8,4,64,65,64,2,5,1,64,134218,0.134218,0.5120010375976562,0.12800025939941406,23277746,23.277746,147.265625,0.1438140869140625,147.265625,48.75,True,57.525634765625,108.734375,13.74703547327993
C176,8,4,64,65,64,2,5,2,128,175498,0.175498,0.6694717407226562,0.16736793518066406,29434546,29.434546,147.265625,0.1438140869140625,147.265625,65.0,True,57.525634765625,108.734375,21.7431585321547
C177,8,4,64,65,64,4,2,1,64,58570,0.05857,0.22342681884765625,0.05585670471191406,9657256,9.657256,213.28125,0.208282470703125,213.28125,48.75,True,83.31298828125,42.71875,13.254282582961453
C178,8,4,64,65,64,4,2,2,128,75082,0.075082,0.28641510009765625,0.07160377502441406,12119976,12.119976,213.28125,0.208282470703125,213.28125,65.0,True,83.31298828125,42.71875,21.12215403726872
C179,8,4,64,65,64,4,3,1,64,83786,0.083786,0.31961822509765625,0.07990455627441406,14267836,14.267836,213.28125,0.208282470703125,213.28125,48.75,True,83.31298828125,42.71875,13.456840967333799
C180,8,4,64,65,64,4,3,2,128,108554,0.108554,0.41410064697265625,0.10352516174316406,17961916,17.961916,213.28125,0.208282470703125,213.28125,65.0,True,83.31298828125,42.71875,21.37856562740857
C181,8,4,64,65,64,4,4,1,64,109002,0.109002,0.41580963134765625,0.10395240783691406,18878416,18.878416,213.28125,0.208282470703125,213.28125,48.75,True,83.31298828125,42.71875,13.560459733486114
C182,8,4,64,65,64,4,4,2,128,142026,0.142026,0.5417861938476562,0.13544654846191406,23803856,23.803856,213.28125,0.208282470703125,213.28125,65.0,True,83.31298828125,42.71875,21.509120203046095
C183,8,4,64,65,64,4,5,1,64,134218,0.134218,0.5120010375976562,0.12800025939941406,23488996,23.488996,213.28125,0.208282470703125,213.28125,48.75,True,83.31298828125,42.71875,13.623400506347739
C184,8,4,64,65,64,4,5,2,128,175498,0.175498,0.6694717407226562,0.16736793518066406,29645796,29.645796,213.28125,0.208282470703125,213.28125,65.0,True,83.31298828125,42.71875,21.588221142721213
C185,8,4,64,65,64,8,2,1,64,58570,0.05857,0.22342681884765625,0.05585670471191406,9826256,9.826256,345.3125,0.33721923828125,345.3125,48.75,False,134.8876953125,-89.3125,13.02632457367282
C186,8,4,64,65,64,8,2,2,128,75082,0.075082,0.28641510009765625,0.07160377502441406,12288976,12.288976,345.3125,0.33721923828125,345.3125,65.0,False,134.8876953125,-89.3125,20.831678733850566
C187,8,4,64,65,64,8,3,1,64,83786,0.083786,0.31961822509765625,0.07990455627441406,14521336,14.521336,345.3125,0.33721923828125,345.3125,48.75,False,134.8876953125,-89.3125,13.221923933169785
C188,8,4,64,65,64,8,3,2,128,108554,0.108554,0.41410064697265625,0.10352516174316406,18215416,18.215416,345.3125,0.33721923828125,345.3125,65.0,False,134.8876953125,-89.3125,21.08104475901072
C189,8,4,64,65,64,8,4,1,64,109002,0.109002,0.41580963134765625,0.10395240783691406,19216416,19.216416,345.3125,0.33721923828125,345.3125,48.75,False,134.8876953125,-89.3125,13.321943072006768
C190,8,4,64,65,64,8,4,2,128,142026,0.142026,0.5417861938476562,0.13544654846191406,24141856,24.141856,345.3125,0.33721923828125,345.3125,65.0,False,134.8876953125,-89.3125,21.207980032686798
C191,8,4,64,65,64,8,5,1,64,134218,0.134218,0.5120010375976562,0.12800025939941406,23911496,23.911496,345.3125,0.33721923828125,345.3125,48.75,False,134.8876953125,-89.3125,13.382684211811759
C192,8,4,64,65,64,8,5,2,128,175498,0.175498,0.6694717407226562,0.16736793518066406,30068296,30.068296,345.3125,0.33721923828125,345.3125,65.0,False,134.8876953125,-89.3125,21.284877599981055
C193,8,4,64,65,96,2,2,1,96,124714,0.124714,0.47574615478515625,0.11893653869628906,19109204,19.109204,187.890625,0.1834869384765625,187.890625,73.125,True,73.394775390625,68.109375,10.04751427636651
C194,8,4,64,65,96,2,2,2,192,161770,0.16177,0.6171035766601562,0.15427589416503906,24400724,24.400724,187.890625,0.1834869384765625,187.890625,97.5,True,73.394775390625,68.109375,15.73723796064412
C195,8,4,64,65,96,2,3,1,96,180970,0.18097,0.6903457641601562,0.17258644104003906,28336734,28.336734,187.890625,0.1834869384765625,187.890625,73.125,True,73.394775390625,68.109375,10.163486024889107
C196,8,4,64,65,96,2,3,2,192,236554,0.236554,0.9023818969726562,0.22559547424316406,36274014,36.274014,187.890625,0.1834869384765625,187.890625,97.5,True,73.394775390625,68.109375,15.879135956665838
C197,8,4,64,65,96,2,4,1,96,237226,0.237226,0.9049453735351562,0.22623634338378906,37564264,37.564264,187.890625,0.1834869384765625,187.890625,73.125,True,73.394775390625,68.109375,10.222481665020776
C198,8,4,64,65,96,2,4,2,192,311338,0.311338,1.1876602172851562,0.29691505432128906,48147304,48.147304,187.890625,0.1834869384765625,187.890625,97.5,True,73.394775390625,68.109375,15.951048889466376
C199,8,4,64,65,96,2,5,1,96,293482,0.293482,1.1195449829101562,0.27988624572753906,46791794,46.791794,187.890625,0.1834869384765625,187.890625,73.125,True,73.394775390625,68.109375,10.258208950056499
C200,8,4,64,65,96,2,5,2,192,386122,0.386122,1.4729385375976562,0.36823463439941406,60020594,60.020594,187.890625,0.1834869384765625,187.890625,97.5,True,73.394775390625,68.109375,15.99451015096585
C201,8,4,64,65,96,4,2,1,96,124714,0.124714,0.47574615478515625,0.11893653869628906,19193704,19.193704,253.90625,0.247955322265625,253.90625,73.125,True,99.18212890625,2.09375,10.003280242312792
C202,8,4,64,65,96,4,2,2,192,161770,0.16177,0.6171035766601562,0.15427589416503906,24485224,24.485224,253.90625,0.247955322265625,253.90625,97.5,True,99.18212890625,2.09375,15.682927793513345
C203,8,4,64,65,96,4,3,1,96,180970,0.18097,0.6903457641601562,0.17258644104003906,28463484,28.463484,253.90625,0.247955322265625,253.90625,73.125,True,99.18212890625,2.09375,10.118227269718632
C204,8,4,64,65,96,4,3,2,192,236554,0.236554,0.9023818969726562,0.22559547424316406,36400764,36.400764,253.90625,0.247955322265625,253.90625,97.5,True,99.18212890625,2.09375,15.823843697346572
C205,8,4,64,65,96,4,4,1,96,237226,0.237226,0.9049453735351562,0.22623634338378906,37733264,37.733264,253.90625,0.247955322265625,253.90625,73.125,True,99.18212890625,2.09375,10.176697144461185
C206,8,4,64,65,96,4,4,2,192,311338,0.311338,1.1876602172851562,0.29691505432128906,48316304,48.316304,253.90625,0.247955322265625,253.90625,97.5,True,99.18212890625,2.09375,15.895255564250112
C207,8,4,64,65,96,4,5,1,96,293482,0.293482,1.1195449829101562,0.27988624572753906,47003044,47.003044,253.90625,0.247955322265625,253.90625,73.125,True,99.18212890625,2.09375,10.212104560717385
C208,8,4,64,65,96,4,5,2,192,386122,0.386122,1.4729385375976562,0.36823463439941406,60231844,60.231844,253.90625,0.247955322265625,253.90625,97.5,True,99.18212890625,2.09375,15.938412909955073
C209,8,4,64,65,96,8,2,1,96,124714,0.124714,0.47574615478515625,0.11893653869628906,19362704,19.362704,385.9375,0.37689208984375,385.9375,73.125,False,150.7568359375,-129.9375,9.915970414049607
C210,8,4,64,65,96,8,2,2,192,161770,0.16177,0.6171035766601562,0.15427589416503906,24654224,24.654224,385.9375,0.37689208984375,385.9375,97.5,False,150.7568359375,-129.9375,15.57542431674183
C211,8,4,64,65,96,8,3,1,96,180970,0.18097,0.6903457641601562,0.17258644104003906,28716984,28.716984,385.9375,0.37689208984375,385.9375,73.125,False,150.7568359375,-129.9375,10.028908328256199
C212,8,4,64,65,96,8,3,2,192,236554,0.236554,0.9023818969726562,0.22559547424316406,36654264,36.654264,385.9375,0.37689208984375,385.9375,97.5,False,150.7568359375,-129.9375,15.71440637847755
C213,8,4,64,65,96,8,4,1,96,237226,0.237226,0.9049453735351562,0.22623634338378906,38071264,38.071264,385.9375,0.37689208984375,385.9375,73.125,False,150.7568359375,-129.9375,10.086347540234021
C214,8,4,64,65,96,8,4,2,192,311338,0.311338,1.1876602172851562,0.29691505432128906,48654304,48.654304,385.9375,0.37689208984375,385.9375,97.5,False,150.7568359375,-129.9375,15.78483169752053
C215,8,4,64,65,96,8,5,1,96,293482,0.293482,1.1195449829101562,0.27988624572753906,47425544,47.425544,385.9375,0.37689208984375,385.9375,73.125,False,150.7568359375,-129.9375,10.121127972722885
C216,8,4,64,65,96,8,5,2,192,386122,0.386122,1.4729385375976562,0.36823463439941406,60654344,60.654344,385.9375,0.37689208984375,385.9375,97.5,False,150.7568359375,-129.9375,15.827390697688529
C217,8,4,64,65,96,12,2,1,96,124714,0.124714,0.47574615478515625,0.11893653869628906,19531704,19.531704,517.96875,0.505828857421875,517.96875,73.125,False,202.33154296875,-261.96875,9.830171499629525
C218,8,4,64,65,96,12,2,2,192,161770,0.16177,0.6171035766601562,0.15427589416503906,24823224,24.823224,517.96875,0.505828857421875,517.96875,97.5,False,202.33154296875,-261.96875,15.469384637547483
C219,8,4,64,65,96,12,3,1,96,180970,0.18097,0.6903457641601562,0.17258644104003906,28970484,28.970484,517.96875,0.505828857421875,517.96875,73.125,False,202.33154296875,-261.96875,9.941152519233023
C220,8,4,64,65,96,12,3,2,192,236554,0.236554,0.9023818969726562,0.22559547424316406,36907764,36.907764,517.96875,0.505828857421875,517.96875,97.5,False,202.33154296875,-261.96875,15.606472394263712
C221,8,4,64,65,96,12,4,1,96,237226,0.237226,0.9049453735351562,0.22623634338378906,38409264,38.409264,517.96875,0.505828857421875,517.96875,73.125,False,202.33154296875,-261.96875,9.997588081875248
C222,8,4,64,65,96,12,4,2,192,311338,0.311338,1.1876602172851562,0.29691505432128906,48992304,48.992304,517.96875,0.505828857421875,517.96875,97.5,False,202.33154296875,-261.96875,15.675931468746603
C223,8,4,64,65,96,12,5,1,96,293482,0.293482,1.1195449829101562,0.27988624572753906,47848044,47.848044,517.96875,0.505828857421875,517.96875,73.125,False,202.33154296875,-261.96875,10.031758038008826
C224,8,4,64,65,96,12,5,2,192,386122,0.386122,1.4729385375976562,0.36823463439941406,61076844,61.076844,517.96875,0.505828857421875,517.96875,97.5,False,202.33154296875,-261.96875,15.717904481115625
C225,8,4,64,65,128,2,2,1,128,215434,0.215434,0.8218154907226562,0.20545387268066406,31840532,31.840532,228.515625,0.2231597900390625,228.515625,97.5,True,89.263916015625,27.484375,8.040066667227796
C226,8,4,64,65,128,2,2,2,256,281226,0.281226,1.0727920532226562,0.26819801330566406,41025812,41.025812,228.515625,0.2231597900390625,228.515625,130.0,True,89.263916015625,27.484375,12.479947989816752
C227,8,4,64,65,128,2,3,1,128,315018,0.315018,1.2016983032226562,0.30042457580566406,47324702,47.324702,228.515625,0.2231597900390625,228.515625,97.5,True,89.263916015625,27.484375,8.114155689770639
C228,8,4,64,65,128,2,3,2,256,413706,0.413706,1.5781631469726562,0.39454078674316406,61102622,61.102622,228.515625,0.2231597900390625,228.515625,130.0,True,89.263916015625,27.484375,12.569018723942813
C229,8,4,64,65,128,2,4,1,128,414602,0.414602,1.5815811157226562,0.39539527893066406,62808872,62.808872,228.515625,0.2231597900390625,228.515625,97.5,True,89.263916015625,27.484375,8.151714617641915
C230,8,4,64,65,128,2,4,2,256,546186,0.546186,2.0835342407226562,0.5208835601806641,81179432,81.179432,228.515625,0.2231597900390625,228.515625,130.0,True,89.263916015625,27.484375,12.614032579089738
C231,8,4,64,65,128,2,5,1,128,514186,0.514186,1.9614639282226562,0.49036598205566406,78293042,78.293042,228.515625,0.2231597900390625,228.515625,97.5,True,89.263916015625,27.484375,8.174417338388768
C232,8,4,64,65,128,2,5,2,256,678666,0.678666,2.5889053344726562,0.6472263336181641,101256242,101.256242,228.515625,0.2231597900390625,228.515625,130.0,True,89.263916015625,27.484375,12.641195986712601
C233,8,4,64,65,128,4,2,1,128,215434,0.215434,0.8218154907226562,0.20545387268066406,31925032,31.925032,294.53125,0.287628173828125,294.53125,97.5,False,115.05126953125,-38.53125,8.0187860109271
C234,8,4,64,65,128,4,2,2,256,281226,0.281226,1.0727920532226562,0.26819801330566406,41110312,41.110312,294.53125,0.287628173828125,294.53125,130.0,False,115.05126953125,-38.53125,12.454296138642782
C235,8,4,64,65,128,4,3,1,128,315018,0.315018,1.2016983032226562,0.30042457580566406,47451452,47.451452,294.53125,0.287628173828125,294.53125,97.5,False,115.05126953125,-38.53125,8.092481553567634
C236,8,4,64,65,128,4,3,2,256,413706,0.413706,1.5781631469726562,0.39454078674316406,61229372,61.229372,294.53125,0.287628173828125,294.53125,130.0,False,115.05126953125,-38.53125,12.542999787748926
C237,8,4,64,65,128,4,4,1,128,414602,0.414602,1.5815811157226562,0.39539527893066406,62977872,62.977872,294.53125,0.287628173828125,294.53125,97.5,False,115.05126953125,-38.53125,8.129839636372598
C238,8,4,64,65,128,4,4,2,256,546186,0.546186,2.0835342407226562,0.5208835601806641,81348432,81.348432,294.53125,0.287628173828125,294.53125,130.0,False,115.05126953125,-38.53125,12.58782713845056
C239,8,4,64,65,128,4,5,1,128,514186,0.514186,1.9614639282226562,0.49036598205566406,78504292,78.504292,294.53125,0.287628173828125,294.53125,97.5,False,115.05126953125,-38.53125,8.15242050714883
C240,8,4,64,65,128,4,5,2,256,678666,0.678666,2.5889053344726562,0.6472263336181641,101467492,101.467492,294.53125,0.287628173828125,294.53125,130.0,False,115.05126953125,-38.53125,12.614877679247261
C241,8,4,64,65,128,8,2,1,128,215434,0.215434,0.8218154907226562,0.20545387268066406,32094032,32.094032,426.5625,0.41656494140625,426.5625,97.5,False,166.6259765625,-170.5625,7.976560875866268
C242,8,4,64,65,128,8,2,2,256,281226,0.281226,1.0727920532226562,0.26819801330566406,41279312,41.279312,426.5625,0.41656494140625,426.5625,130.0,False,166.6259765625,-170.5625,12.403307496985416
C243,8,4,64,65,128,8,3,1,128,315018,0.315018,1.2016983032226562,0.30042457580566406,47704952,47.704952,426.5625,0.41656494140625,426.5625,97.5,False,166.6259765625,-170.5625,8.049478804632274
C244,8,4,64,65,128,8,3,2,256,413706,0.413706,1.5781631469726562,0.39454078674316406,61482872,61.482872,426.5625,0.41656494140625,426.5625,130.0,False,166.6259765625,-170.5625,12.491283751351109
C245,8,4,64,65,128,8,4,1,128,414602,0.414602,1.5815811157226562,0.39539527893066406,63315872,63.315872,426.5625,0.41656494140625,426.5625,97.5,False,166.6259765625,-170.5625,8.086440000384107
C246,8,4,64,65,128,8,4,2,256,546186,0.546186,2.0835342407226562,0.5208835601806641,81686432,81.686432,426.5625,0.41656494140625,426.5625,130.0,False,166.6259765625,-170.5625,12.535741553750322
C247,8,4,64,65,128,8,5,1,128,514186,0.514186,1.9614639282226562,0.49036598205566406,78926792,78.926792,426.5625,0.41656494140625,426.5625,97.5,False,166.6259765625,-170.5625,8.108780095864025
C248,8,4,64,65,128,8,5,2,256,678666,0.678666,2.5889053344726562,0.6472263336181641,101889992,101.889992,426.5625,0.41656494140625,426.5625,130.0,False,166.6259765625,-170.5625,12.562568461090859
C249,8,4,64,65,192,2,2,1,192,470602,0.470602,1.7952041625976562,0.44880104064941406,66887828,66.887828,309.765625,0.3025054931640625,309.765625,146.25,False,121.002197265625,-53.765625,5.7409548415894145
C250,8,4,64,65,192,2,2,2,384,618442,0.618442,2.3591690063476562,0.5897922515869141,87055508,87.055508,309.765625,0.3025054931640625,309.765625,195.0,False,121.002197265625,-53.765625,8.821957595147225
C251,8,4,64,65,192,2,3,1,192,693706,0.693706,2.6462783813476562,0.6615695953369141,99677598,99.677598,309.765625,0.3025054931640625,309.765625,146.25,False,121.002197265625,-53.765625,5.778630420046839
C252,8,4,64,65,192,2,3,2,384,915466,0.915466,3.4922256469726562,0.8730564117431641,129929118,129.929118,309.765625,0.3025054931640625,309.765625,195.0,False,121.002197265625,-53.765625,8.866372817215614
C253,8,4,64,65,192,2,4,1,192,916810,0.91681,3.4973526000976562,0.8743381500244141,132467368,132.467368,309.765625,0.3025054931640625,309.765625,146.25,False,121.002197265625,-53.765625,5.797654257009168
C254,8,4,64,65,192,2,4,2,384,1212490,1.21249,4.625282287597656,1.156320571899414,172802728,172.802728,309.765625,0.3025054931640625,309.765625,195.0,False,121.002197265625,-53.765625,8.88874856188613
C255,8,4,64,65,192,2,5,1,192,1139914,1.139914,4.348426818847656,1.087106704711914,165257138,165.257138,309.765625,0.3025054931640625,309.765625,146.25,False,121.002197265625,-53.765625,5.809128801443966
C256,8,4,64,65,192,2,5,2,384,1509514,1.509514,5.758338928222656,1.439584732055664,215676338,215.676338,309.765625,0.3025054931640625,309.765625,195.0,False,121.002197265625,-53.765625,8.902228301001662
C257,8,4,64,65,192,4,2,1,192,470602,0.470602,1.7952041625976562,0.44880104064941406,66972328,66.972328,375.78125,0.366973876953125,375.78125,146.25,False,146.78955078125,-119.78125,5.733711391964753
C258,8,4,64,65,192,4,2,2,384,618442,0.618442,2.3591690063476562,0.5897922515869141,87140008,87.140008,375.78125,0.366973876953125,375.78125,195.0,False,146.78955078125,-119.78125,8.813402909028882
C259,8,4,64,65,192,4,3,1,192,693706,0.693706,2.6462783813476562,0.6615695953369141,99804348,99.804348,375.78125,0.366973876953125,375.78125,146.25,False,146.78955078125,-119.78125,5.771291647534233
C260,8,4,64,65,192,4,3,2,384,915466,0.915466,3.4922256469726562,0.8730564117431641,130055868,130.055868,375.78125,0.366973876953125,375.78125,195.0,False,146.78955078125,-119.78125,8.857731817221811
C261,8,4,64,65,192,4,4,1,192,916810,0.91681,3.4973526000976562,0.8743381500244141,132636368,132.636368,375.78125,0.366973876953125,375.78125,146.25,False,146.78955078125,-119.78125,5.790267115878806
C262,8,4,64,65,192,4,4,2,384,1212490,1.21249,4.625282287597656,1.156320571899414,172971728,172.971728,375.78125,0.366973876953125,375.78125,195.0,False,146.78955078125,-119.78125,8.880063914260022
C263,8,4,64,65,192,4,5,1,192,1139914,1.139914,4.348426818847656,1.087106704711914,165468388,165.468388,375.78125,0.366973876953125,375.78125,146.25,False,146.78955078125,-119.78125,5.801712409260916
C264,8,4,64,65,192,4,5,2,384,1509514,1.509514,5.758338928222656,1.439584732055664,215887588,215.887588,375.78125,0.366973876953125,375.78125,195.0,False,146.78955078125,-119.78125,8.893517305867533
C265,8,4,64,65,192,8,2,1,192,470602,0.470602,1.7952041625976562,0.44880104064941406,67141328,67.141328,507.8125,0.49591064453125,507.8125,146.25,False,198.3642578125,-251.8125,5.719279189711589
C266,8,4,64,65,192,8,2,2,384,618442,0.618442,2.3591690063476562,0.5897922515869141,87309008,87.309008,507.8125,0.49591064453125,507.8125,195.0,False,198.3642578125,-251.8125,8.79634321352042
C267,8,4,64,65,192,8,3,1,192,693706,0.693706,2.6462783813476562,0.6615695953369141,100057848,100.057848,507.8125,0.49591064453125,507.8125,146.25,False,198.3642578125,-251.8125,5.7566698816068875
C268,8,4,64,65,192,8,3,2,384,915466,0.915466,3.4922256469726562,0.8730564117431641,130309368,130.309368,507.8125,0.49591064453125,507.8125,195.0,False,198.3642578125,-251.8125,8.840500247073564
C269,8,4,64,65,192,8,4,1,192,916810,0.91681,3.4973526000976562,0.8743381500244141,132974368,132.974368,507.8125,0.49591064453125,507.8125,146.25,False,198.3642578125,-251.8125,5.7755491644825865
C270,8,4,64,65,192,8,4,2,384,1212490,1.21249,4.625282287597656,1.156320571899414,173309728,173.309728,507.8125,0.49591064453125,507.8125,195.0,False,198.3642578125,-251.8125,8.862745431116249
C271,8,4,64,65,192,8,5,1,192,1139914,1.139914,4.348426818847656,1.087106704711914,165890888,165.890888,507.8125,0.49591064453125,507.8125,146.25,False,198.3642578125,-251.8125,5.786936290316319
C272,8,4,64,65,192,8,5,2,384,1509514,1.509514,5.758338928222656,1.439584732055664,216310088,216.310088,507.8125,0.49591064453125,507.8125,195.0,False,198.3642578125,-251.8125,8.876146358925247
C273,8,4,64,65,192,12,2,1,192,470602,0.470602,1.7952041625976562,0.44880104064941406,67310328,67.310328,639.84375,0.624847412109375,639.84375,146.25,False,249.93896484375,-383.84375,5.70491945901675
C274,8,4,64,65,192,12,2,2,384,618442,0.618442,2.3591690063476562,0.5897922515869141,87478008,87.478008,639.84375,0.624847412109375,639.84375,195.0,False,249.93896484375,-383.84375,8.77934943374568
C275,8,4,64,65,192,12,3,1,192,693706,0.693706,2.6462783813476562,0.6615695953369141,100311348,100.311348,639.84375,0.624847412109375,639.84375,146.25,False,249.93896484375,-383.84375,5.742122017939586
C276,8,4,64,65,192,12,3,2,384,915466,0.915466,3.4922256469726562,0.8730564117431641,130562868,130.562868,639.84375,0.624847412109375,639.84375,195.0,False,249.93896484375,-383.84375,8.823335590330322
C277,8,4,64,65,192,12,4,1,192,916810,0.91681,3.4973526000976562,0.8743381500244141,133312368,133.312368,639.84375,0.624847412109375,639.84375,146.25,False,249.93896484375,-383.84375,5.760905844835042
C278,8,4,64,65,192,12,4,2,384,1212490,1.21249,4.625282287597656,1.156320571899414,173647728,173.647728,639.84375,0.624847412109375,639.84375,195.0,False,249.93896484375,-383.84375,8.845494367769673
C279,8,4,64,65,192,12,5,1,192,1139914,1.139914,4.348426818847656,1.087106704711914,166313388,166.313388,639.84375,0.624847412109375,639.84375,146.25,False,249.93896484375,-383.84375,5.772235245427145
C280,8,4,64,65,192,12,5,2,384,1509514,1.509514,5.758338928222656,1.439584732055664,216732588,216.732588,639.84375,0.624847412109375,639.84375,195.0,False,249.93896484375,-383.84375,8.85884313807022
C281,8,4,64,65,256,2,2,1,256,824074,0.824074,3.1435928344726562,0.7858982086181641,114714644,114.714644,391.015625,0.3818511962890625,391.015625,195.0,False,152.740478515625,-135.015625,4.4632488246226
C282,8,4,64,65,256,2,2,2,512,1086730,1.08673,4.145545959472656,1.036386489868164,150124564,150.124564,391.015625,0.3818511962890625,391.015625,260.0,False,152.740478515625,-135.015625,6.821002324443054
C283,8,4,64,65,256,2,3,1,256,1219850,1.21985,4.653358459472656,1.163339614868164,171199774,171.199774,391.015625,0.3818511962890625,391.015625,195.0,False,152.740478515625,-135.015625,4.485987230333611
C284,8,4,64,65,256,2,3,2,512,1613834,1.613834,6.156288146972656,1.539072036743164,224314654,224.314654,391.015625,0.3818511962890625,391.015625,260.0,False,152.740478515625,-135.015625,6.847524103351715
C285,8,4,64,65,256,2,4,1,256,1615626,1.615626,6.163124084472656,1.540781021118164,227684904,227.684904,391.015625,0.3818511962890625,391.015625,195.0,False,152.740478515625,-135.015625,4.497443537143772
C286,8,4,64,65,256,2,4,2,512,2140938,2.140938,8.167030334472656,2.041757583618164,298504744,298.504744,391.015625,0.3818511962890625,391.015625,260.0,False,152.740478515625,-135.015625,6.860862485991177
C287,8,4,64,65,256,2,5,1,256,2011402,2.011402,7.672889709472656,1.918222427368164,284170034,284.170034,391.015625,0.3818511962890625,391.015625,195.0,False,152.740478515625,-135.015625,4.504345451146338
C288,8,4,64,65,256,2,5,2,512,2668042,2.668042,10.177772521972656,2.544443130493164,372694834,372.694834,391.015625,0.3818511962890625,391.015625,260.0,False,152.740478515625,-135.015625,6.8688904874919725
C289,8,4,64,65,256,4,2,1,256,824074,0.824074,3.1435928344726562,0.7858982086181641,114799144,114.799144,457.03125,0.446319580078125,457.03125,195.0,False,178.52783203125,-201.03125,4.459963569066334
C290,8,4,64,65,256,4,2,2,512,1086730,1.08673,4.145545959472656,1.036386489868164,150209064,150.209064,457.03125,0.446319580078125,457.03125,260.0,False,178.52783203125,-201.03125,6.817165174533009
C291,8,4,64,65,256,4,3,1,256,1219850,1.21985,4.653358459472656,1.163339614868164,171326524,171.326524,457.03125,0.446319580078125,457.03125,195.0,False,178.52783203125,-201.03125,4.482668427919544
C292,8,4,64,65,256,4,3,2,512,1613834,1.613834,6.156288146972656,1.539072036743164,224441404,224.441404,457.03125,0.446319580078125,457.03125,260.0,False,178.52783203125,-201.03125,6.843657064273221
C293,8,4,64,65,256,4,4,1,256,1615626,1.615626,6.163124084472656,1.540781021118164,227853904,227.853904,457.03125,0.446319580078125,457.03125,195.0,False,178.52783203125,-201.03125,4.49410776828296
C294,8,4,64,65,256,4,4,2,512,2140938,2.140938,8.167030334472656,2.041757583618164,298673744,298.673744,457.03125,0.446319580078125,457.03125,260.0,False,178.52783203125,-201.03125,6.856980371197276
C295,8,4,64,65,256,4,5,1,256,2011402,2.011402,7.672889709472656,1.918222427368164,284381284,284.381284,457.03125,0.446319580078125,457.03125,195.0,False,178.52783203125,-201.03125,4.500999439892817
C296,8,4,64,65,256,4,5,2,512,2668042,2.668042,10.177772521972656,2.544443130493164,372906084,372.906084,457.03125,0.446319580078125,457.03125,260.0,False,178.52783203125,-201.03125,6.864999284913785
C297,8,4,64,65,256,8,2,1,256,824074,0.824074,3.1435928344726562,0.7858982086181641,114968144,114.968144,589.0625,0.57525634765625,589.0625,195.0,False,230.1025390625,-333.0625,4.453407545658909
C298,8,4,64,65,256,8,2,2,512,1086730,1.08673,4.145545959472656,1.036386489868164,150378064,150.378064,589.0625,0.57525634765625,589.0625,260.0,False,230.1025390625,-333.0625,6.8095038116729585
C299,8,4,64,65,256,8,3,1,256,1219850,1.21985,4.653358459472656,1.163339614868164,171580024,171.580024,589.0625,0.57525634765625,589.0625,195.0,False,230.1025390625,-333.0625,4.476045533132691
C300,8,4,64,65,256,8,3,2,512,1613834,1.613834,6.156288146972656,1.539072036743164,224694904,224.694904,589.0625,0.57525634765625,589.0625,260.0,False,230.1025390625,-333.0625,6.835936074455876
C301,8,4,64,65,256,8,4,1,256,1615626,1.615626,6.163124084472656,1.540781021118164,228191904,228.191904,589.0625,0.57525634765625,589.0625,195.0,False,230.1025390625,-333.0625,4.487451053478217
C302,8,4,64,65,256,8,4,2,512,2140938,2.140938,8.167030334472656,2.041757583618164,299011744,299.011744,589.0625,0.57525634765625,589.0625,260.0,False,230.1025390625,-333.0625,6.849229306525164
C303,8,4,64,65,256,8,5,1,256,2011402,2.011402,7.672889709472656,1.918222427368164,284803784,284.803784,589.0625,0.57525634765625,589.0625,195.0,False,230.1025390625,-333.0625,4.49432230858281
C304,8,4,64,65,256,8,5,2,512,2668042,2.668042,10.177772521972656,2.544443130493164,373328584,373.328584,589.0625,0.57525634765625,589.0625,260.0,False,230.1025390625,-333.0625,6.857230090905657
C305,8,4,64,65,384,2,2,1,384,1825930,1.82593,6.965370178222656,1.741342544555664,248706836,248.706836,553.515625,0.5405426025390625,553.515625,292.5,False,216.217041015625,-297.515625,3.0879730221810227
C306,8,4,64,65,384,2,2,2,768,2416522,2.416522,9.218299865722656,2.304574966430664,327380756,327.380756,553.515625,0.5405426025390625,553.515625,390.0,False,216.217041015625,-297.515625,4.691784632570156
C307,8,4,64,65,384,2,3,1,384,2714506,2.714506,10.355018615722656,2.588754653930664,371751966,371.751966,553.515625,0.5405426025390625,553.515625,292.5,False,216.217041015625,-297.515625,3.0988403703559704
C308,8,4,64,65,384,2,3,2,768,3600394,3.600394,13.734413146972656,3.433603286743164,489762846,489.762846,553.515625,0.5405426025390625,553.515625,390.0,False,216.217041015625,-297.515625,4.704317648464498
C309,8,4,64,65,384,2,4,1,384,3603082,3.603082,13.744667053222656,3.436166763305664,494797096,494.797096,553.515625,0.5405426025390625,553.515625,292.5,False,216.217041015625,-297.515625,3.1043027786889033
C310,8,4,64,65,384,2,4,2,768,4784266,4.784266,18.250526428222656,4.562631607055664,652144936,652.144936,553.515625,0.5405426025390625,553.515625,390.0,False,216.217041015625,-297.515625,4.71060929928006
C311,8,4,64,65,384,2,5,1,384,4491658,4.491658,17.134315490722656,4.283578872680664,617842226,617.842226,553.515625,0.5405426025390625,553.515625,292.5,False,216.217041015625,-297.515625,3.1075894770585006
C312,8,4,64,65,384,2,5,2,768,5968138,5.968138,22.766639709472656,5.691659927368164,814527026,814.527026,553.515625,0.5405426025390625,553.515625,390.0,False,216.217041015625,-297.515625,4.714392374256223
C313,8,4,64,65,384,4,2,1,384,1825930,1.82593,6.965370178222656,1.741342544555664,248791336,248.791336,619.53125,0.605010986328125,619.53125,292.5,False,242.00439453125,-363.53125,3.086924216685745
C314,8,4,64,65,384,4,2,2,768,2416522,2.416522,9.218299865722656,2.304574966430664,327465256,327.465256,619.53125,0.605010986328125,619.53125,390.0,False,242.00439453125,-363.53125,4.690573952065314
C315,8,4,64,65,384,4,3,1,384,2714506,2.714506,10.355018615722656,2.588754653930664,371878716,371.878716,619.53125,0.605010986328125,619.53125,292.5,False,242.00439453125,-363.53125,3.0977841711166927
C316,8,4,64,65,384,4,3,2,768,3600394,3.600394,13.734413146972656,3.433603286743164,489889596,489.889596,619.53125,0.605010986328125,619.53125,390.0,False,242.00439453125,-363.53125,4.70310049205454
C317,8,4,64,65,384,4,4,1,384,3603082,3.603082,13.744667053222656,3.436166763305664,494966096,494.966096,619.53125,0.605010986328125,619.53125,292.5,False,242.00439453125,-363.53125,3.1032428532236276
C318,8,4,64,65,384,4,4,2,768,4784266,4.784266,18.250526428222656,4.562631607055664,652313936,652.313936,619.53125,0.605010986328125,619.53125,390.0,False,242.00439453125,-363.53125,4.709388885415442
C319,8,4,64,65,384,4,5,1,384,4491658,4.491658,17.134315490722656,4.283578872680664,618053476,618.053476,619.53125,0.605010986328125,619.53125,292.5,False,242.00439453125,-363.53125,3.1065273063847307
C320,8,4,64,65,384,4,5,2,768,5968138,5.968138,22.766639709472656,5.691659927368164,814738276,814.738276,619.53125,0.605010986328125,619.53125,390.0,False,242.00439453125,-363.53125,4.713169999638018
C321,8,4,64,65,384,8,2,1,384,1825930,1.82593,6.965370178222656,1.741342544555664,248960336,248.960336,751.5625,0.73394775390625,751.5625,292.5,False,293.5791015625,-495.5625,3.08482874155504
C322,8,4,64,65,384,8,2,2,768,2416522,2.416522,9.218299865722656,2.304574966430664,327634256,327.634256,751.5625,0.73394775390625,751.5625,390.0,False,293.5791015625,-495.5625,4.688154464531938
C323,8,4,64,65,384,8,3,1,384,2714506,2.714506,10.355018615722656,2.588754653930664,372132216,372.132216,751.5625,0.73394775390625,751.5625,292.5,False,293.5791015625,-495.5625,3.0956739311169983
C324,8,4,64,65,384,8,3,2,768,3600394,3.600394,13.734413146972656,3.433603286743164,490143096,490.143096,751.5625,0.73394775390625,751.5625,390.0,False,293.5791015625,-495.5625,4.700668067759542
C325,8,4,64,65,384,8,4,1,384,3603082,3.603082,13.744667053222656,3.436166763305664,495304096,495.304096,751.5625,0.73394775390625,751.5625,292.5,False,293.5791015625,-495.5625,3.1011251722012814
C326,8,4,64,65,384,8,4,2,768,4784266,4.784266,18.250526428222656,4.562631607055664,652651936,652.651936,751.5625,0.73394775390625,751.5625,390.0,False,293.5791015625,-495.5625,4.706949953795893
C327,8,4,64,65,384,8,5,1,384,4491658,4.491658,17.134315490722656,4.283578872680664,618475976,618.475976,751.5625,0.73394775390625,751.5625,292.5,False,293.5791015625,-495.5625,3.1044051418417586
C328,8,4,64,65,384,8,5,2,768,5968138,5.968138,22.766639709472656,5.691659927368164,815160776,815.160776,751.5625,0.73394775390625,751.5625,390.0,False,293.5791015625,-495.5625,4.710727151081666
C329,8,4,64,65,384,12,2,1,384,1825930,1.82593,6.965370178222656,1.741342544555664,249129336,249.129336,883.59375,0.862884521484375,883.59375,292.5,False,345.15380859375,-627.59375,3.082736109407846
C330,8,4,64,65,384,12,2,2,768,2416522,2.416522,9.218299865722656,2.304574966430664,327803256,327.803256,883.59375,0.862884521484375,883.59375,390.0,False,345.15380859375,-627.59375,4.685737471747383
C331,8,4,64,65,384,12,3,1,384,2714506,2.714506,10.355018615722656,2.588754653930664,372385716,372.385716,883.59375,0.862884521484375,883.59375,292.5,False,345.15380859375,-627.59375,3.0935665641912
C332,8,4,64,65,384,12,3,2,768,3600394,3.600394,13.734413146972656,3.433603286743164,490396596,490.396596,883.59375,0.862884521484375,883.59375,390.0,False,345.15380859375,-627.59375,4.69823815824366
C333,8,4,64,65,384,12,4,1,384,3603082,3.603082,13.744667053222656,3.436166763305664,495642096,495.642096,883.59375,0.862884521484375,883.59375,292.5,False,345.15380859375,-627.59375,3.099010379457358
C334,8,4,64,65,384,12,4,2,768,4784266,4.784266,18.250526428222656,4.562631607055664,652989936,652.989936,883.59375,0.862884521484375,883.59375,390.0,False,345.15380859375,-627.59375,4.704513547051053
C335,8,4,64,65,384,12,5,1,384,4491658,4.491658,17.134315490722656,4.283578872680664,618898476,618.898476,883.59375,0.862884521484375,883.59375,292.5,False,345.15380859375,-627.59375,3.1022858747514515
C336,8,4,64,65,384,12,5,2,768,5968138,5.968138,22.766639709472656,5.691659927368164,815583276,815.583276,883.59375,0.862884521484375,883.59375,390.0,False,345.15380859375,-627.59375,4.70828683348333
